27ab20,127.0.0.1,GET,http://localhost:8080/symfony/web/app_dev.php/_fragment?_path=_format%3Dhtml%26_locale%3Dfr%26_controller%3DJHTourismeBundle%253ATourisme%253AshowNavbar,1511441256,d821bf,200
d821bf,::1,GET,http://localhost:8080/symfony/web/app_dev.php/activit%C3%A9/ajouter,1511441256,,200
b3a920,::1,GET,http://localhost:8080/symfony/web/app_dev.php/activit%C3%A9/ajouter,1511441341,117029,200
117029,::1,GET,http://localhost:8080/symfony/web/app_dev.php/activit%C3%A9/ajouter,1511441341,,500
c2a3d2,127.0.0.1,GET,http://localhost:8080/symfony/web/app_dev.php/_fragment?_path=_format%3Dhtml%26_locale%3Dfr%26_controller%3DJHTourismeBundle%253ATourisme%253AshowNavbar,1511441349,74e7d2,200
74e7d2,::1,GET,http://localhost:8080/symfony/web/app_dev.php/activit%C3%A9/ajouter,1511441349,,200
9ff2ec,127.0.0.1,GET,http://localhost:8080/symfony/web/app_dev.php/_fragment?_path=_format%3Dhtml%26_locale%3Dfr%26_controller%3DJHTourismeBundle%253ATourisme%253AshowNavbar,1511441353,522f22,200
522f22,::1,GET,http://localhost:8080/symfony/web/app_dev.php/,1511441353,,200
7ea636,127.0.0.1,GET,http://localhost:8080/symfony/web/app_dev.php/_fragment?_path=_format%3Dhtml%26_locale%3Dfr%26_controller%3DJHTourismeBundle%253ATourisme%253AshowNavbar,1511441356,1236b2,200
1236b2,::1,GET,http://localhost:8080/symfony/web/app_dev.php/activit%C3%A9/ajouter,1511441356,,200
a966a8,127.0.0.1,GET,http://localhost:8080/symfony/web/app_dev.php/_fragment?_path=_format%3Dhtml%26_locale%3Dfr%26_controller%3DJHTourismeBundle%253ATourisme%253AshowNavbar,1511441379,cfe2a2,200
cfe2a2,::1,GET,http://localhost:8080/symfony/web/app_dev.php/activit%C3%A9/ajouter,1511441379,,200
aa2ee9,127.0.0.1,GET,http://localhost:8080/symfony/web/app_dev.php/_fragment?_path=_format%3Dhtml%26_locale%3Dfr%26_controller%3DJHTourismeBundle%253ATourisme%253AshowNavbar,1511441592,6383f5,200
6383f5,::1,GET,http://localhost:8080/symfony/web/app_dev.php/activit%C3%A9/ajouter,1511441592,,200
e12d71,127.0.0.1,GET,http://localhost:8080/symfony/web/app_dev.php/_fragment?_path=_format%3Dhtml%26_locale%3Dfr%26_controller%3DJHTourismeBundle%253ATourisme%253AshowNavbar,1511441727,8e5a0a,200
8e5a0a,::1,GET,http://localhost:8080/symfony/web/app_dev.php/activit%C3%A9/ajouter,1511441727,,200
17670c,127.0.0.1,GET,http://localhost:8080/symfony/web/app_dev.php/_fragment?_path=_format%3Dhtml%26_locale%3Dfr%26_controller%3DJHTourismeBundle%253ATourisme%253AshowNavbar,1511441736,e3b14f,200
e3b14f,::1,GET,http://localhost:8080/symfony/web/app_dev.php/activit%C3%A9/ajouter,1511441736,,200
fa4d16,127.0.0.1,GET,http://localhost:8080/symfony/web/app_dev.php/_fragment?_path=_format%3Dhtml%26_locale%3Dfr%26_controller%3DJHTourismeBundle%253ATourisme%253AshowNavbar,1511441796,4f4ba2,200
4f4ba2,::1,GET,http://localhost:8080/symfony/web/app_dev.php/activit%C3%A9/ajouter,1511441796,,200
